<?xml version="1.0" encoding="UTF-8"?>
<!DOCTYPE suite SYSTEM "https://testng.org/testng-1.0.dtd">
<suite name="Suite">
  <test thread-count="5" name="Test" group-by-instances="true">
    <classes>
      <class name="com.Selenium.Config"/>
       <class name="com.Selenium.Page_Title"/>
      <class name="com.Selenium.Login"/>
       <class name="com.Selenium.Admin_Tab"/>   
      <class name="com.Selenium.Click_Add"/>
      <class name="com.Selenium.Enter_Information"/>  
      <class name="com.Selenium.Search_Display"/>
      <class name="com.Selenium.Delete_Users"/>
      <class name="com.Selenium.Logout"/>
    </classes>
  </test> <!-- Test -->
</suite> <!-- Suite -->
